enrollee_id,target
32403,Not looking for Job change
9858,Not looking for Job change
31806,Looking for Job change
27385,Not looking for Job change
27724,Not looking for Job change
217,Looking for Job change
21465,Looking for Job change
27302,Looking for Job change
12994,Looking for Job change
16287,Not looking for Job change
10856,Looking for Job change
9272,Not looking for Job change
14249,Looking for Job change
24372,Not looking for Job change
14070,Not looking for Job change
24914,Not looking for Job change
7865,Not looking for Job change
7463,Not looking for Job change
21514,Looking for Job change
29033,Not looking for Job change
15359,Looking for Job change
16001,Not looking for Job change
25202,Looking for Job change
5058,Looking for Job change
23570,Not looking for Job change
19139,Not looking for Job change
9548,Not looking for Job change
8799,Looking for Job change
11113,Not looking for Job change
19437,Looking for Job change
394,Not looking for Job change
7683,Looking for Job change
22849,Not looking for Job change
17189,Not looking for Job change
28610,Not looking for Job change
25608,Not looking for Job change
22139,Not looking for Job change
19644,Not looking for Job change
18517,Not looking for Job change
12835,Not looking for Job change
20178,Not looking for Job change
25855,Not looking for Job change
32126,Not looking for Job change
22753,Not looking for Job change
18133,Looking for Job change
29242,Looking for Job change
6312,Looking for Job change
113,Not looking for Job change
14685,Not looking for Job change
20768,Not looking for Job change
25906,Not looking for Job change
20142,Not looking for Job change
25891,Not looking for Job change
4742,Looking for Job change
2222,Not looking for Job change
16917,Not looking for Job change
10493,Looking for Job change
10418,Not looking for Job change
9766,Not looking for Job change
1361,Looking for Job change
19625,Not looking for Job change
20943,Not looking for Job change
9561,Not looking for Job change
4271,Not looking for Job change
2094,Looking for Job change
16931,Not looking for Job change
27298,Looking for Job change
26493,Not looking for Job change
30745,Looking for Job change
21052,Looking for Job change
20723,Looking for Job change
13539,Not looking for Job change
3214,Not looking for Job change
16230,Not looking for Job change
25300,Not looking for Job change
24018,Not looking for Job change
21833,Not looking for Job change
30632,Not looking for Job change
4334,Looking for Job change
22271,Looking for Job change
28776,Not looking for Job change
27769,Looking for Job change
25909,Not looking for Job change
31266,Not looking for Job change
7973,Not looking for Job change
30867,Looking for Job change
22501,Not looking for Job change
2539,Not looking for Job change
26681,Not looking for Job change
16184,Not looking for Job change
3852,Not looking for Job change
1680,Not looking for Job change
3562,Not looking for Job change
8488,Looking for Job change
8373,Not looking for Job change
2934,Not looking for Job change
12919,Looking for Job change
4386,Looking for Job change
22462,Looking for Job change
13988,Not looking for Job change
21230,Looking for Job change
26180,Looking for Job change
16658,Not looking for Job change
10324,Not looking for Job change
20453,Not looking for Job change
13485,Not looking for Job change
33080,Not looking for Job change
25492,Looking for Job change
1319,Looking for Job change
19146,Not looking for Job change
29339,Not looking for Job change
33177,Not looking for Job change
22143,Not looking for Job change
22264,Not looking for Job change
17034,Not looking for Job change
27002,Looking for Job change
21318,Not looking for Job change
12308,Not looking for Job change
842,Looking for Job change
4926,Not looking for Job change
3,Not looking for Job change
19567,Looking for Job change
12809,Not looking for Job change
22682,Not looking for Job change
1216,Not looking for Job change
4417,Not looking for Job change
24162,Looking for Job change
16873,Not looking for Job change
21920,Not looking for Job change
24230,Looking for Job change
5189,Not looking for Job change
24396,Not looking for Job change
770,Not looking for Job change
30913,Not looking for Job change
14566,Not looking for Job change
15634,Not looking for Job change
18163,Looking for Job change
16673,Looking for Job change
18805,Not looking for Job change
15367,Not looking for Job change
22556,Not looking for Job change
27439,Not looking for Job change
18426,Looking for Job change
9789,Not looking for Job change
28172,Not looking for Job change
9184,Not looking for Job change
3587,Not looking for Job change
1167,Not looking for Job change
1663,Not looking for Job change
20948,Not looking for Job change
31594,Not looking for Job change
27117,Looking for Job change
678,Not looking for Job change
1441,Looking for Job change
31272,Looking for Job change
12443,Not looking for Job change
32981,Not looking for Job change
1317,Not looking for Job change
4601,Not looking for Job change
30498,Not looking for Job change
7863,Looking for Job change
8744,Looking for Job change
14698,Not looking for Job change
10021,Not looking for Job change
15253,Not looking for Job change
18108,Not looking for Job change
31410,Not looking for Job change
30532,Not looking for Job change
31733,Not looking for Job change
28833,Not looking for Job change
8708,Looking for Job change
10050,Not looking for Job change
21685,Not looking for Job change
18529,Not looking for Job change
1850,Not looking for Job change
22639,Looking for Job change
5967,Looking for Job change
20977,Not looking for Job change
5391,Looking for Job change
4398,Looking for Job change
18383,Not looking for Job change
17336,Looking for Job change
7470,Not looking for Job change
24781,Not looking for Job change
24202,Not looking for Job change
20650,Not looking for Job change
5377,Not looking for Job change
31693,Not looking for Job change
28619,Looking for Job change
15432,Not looking for Job change
22999,Looking for Job change
8377,Not looking for Job change
9302,Looking for Job change
16158,Not looking for Job change
29575,Looking for Job change
16573,Not looking for Job change
30736,Not looking for Job change
20612,Not looking for Job change
11976,Not looking for Job change
28302,Not looking for Job change
9462,Not looking for Job change
14512,Looking for Job change
8401,Not looking for Job change
19780,Not looking for Job change
2594,Looking for Job change
1466,Not looking for Job change
17205,Not looking for Job change
12990,Not looking for Job change
4234,Not looking for Job change
18171,Not looking for Job change
15457,Not looking for Job change
23319,Looking for Job change
10598,Not looking for Job change
7788,Looking for Job change
32021,Not looking for Job change
23969,Not looking for Job change
13037,Not looking for Job change
30196,Not looking for Job change
19504,Looking for Job change
16336,Looking for Job change
6048,Not looking for Job change
6827,Not looking for Job change
9268,Not looking for Job change
11169,Looking for Job change
31131,Not looking for Job change
12361,Looking for Job change
15165,Looking for Job change
27773,Not looking for Job change
15266,Not looking for Job change
26289,Not looking for Job change
32553,Not looking for Job change
33062,Not looking for Job change
8818,Not looking for Job change
15380,Looking for Job change
30120,Looking for Job change
24317,Not looking for Job change
412,Not looking for Job change
30607,Not looking for Job change
8513,Not looking for Job change
8596,Not looking for Job change
14539,Not looking for Job change
20456,Not looking for Job change
15221,Not looking for Job change
28968,Not looking for Job change
21648,Not looking for Job change
3210,Not looking for Job change
22118,Not looking for Job change
5605,Not looking for Job change
30930,Not looking for Job change
28718,Not looking for Job change
8141,Looking for Job change
3486,Not looking for Job change
8805,Not looking for Job change
6602,Not looking for Job change
14916,Not looking for Job change
21636,Not looking for Job change
9047,Looking for Job change
6694,Not looking for Job change
17793,Not looking for Job change
32857,Not looking for Job change
26325,Not looking for Job change
20907,Not looking for Job change
12617,Not looking for Job change
24295,Not looking for Job change
32409,Not looking for Job change
16713,Not looking for Job change
4863,Looking for Job change
13274,Not looking for Job change
12462,Looking for Job change
8524,Not looking for Job change
21728,Not looking for Job change
20577,Looking for Job change
3407,Not looking for Job change
27184,Not looking for Job change
28845,Not looking for Job change
2851,Not looking for Job change
485,Not looking for Job change
7207,Not looking for Job change
9005,Looking for Job change
4532,Not looking for Job change
23235,Not looking for Job change
5403,Not looking for Job change
8232,Not looking for Job change
40,Not looking for Job change
8991,Looking for Job change
28620,Not looking for Job change
16355,Looking for Job change
18340,Looking for Job change
5138,Looking for Job change
12391,Looking for Job change
15550,Not looking for Job change
27155,Not looking for Job change
19883,Looking for Job change
25140,Looking for Job change
27463,Not looking for Job change
23894,Looking for Job change
18285,Not looking for Job change
25415,Not looking for Job change
9894,Not looking for Job change
15242,Looking for Job change
8485,Looking for Job change
11982,Not looking for Job change
28370,Looking for Job change
17047,Not looking for Job change
24941,Looking for Job change
28936,Not looking for Job change
9562,Not looking for Job change
30061,Not looking for Job change
2718,Looking for Job change
24681,Not looking for Job change
16210,Not looking for Job change
1517,Not looking for Job change
29475,Not looking for Job change
32233,Looking for Job change
26601,Looking for Job change
22457,Not looking for Job change
30759,Looking for Job change
27417,Not looking for Job change
18983,Not looking for Job change
32085,Not looking for Job change
13197,Not looking for Job change
14026,Looking for Job change
19719,Looking for Job change
30046,Not looking for Job change
10446,Not looking for Job change
5907,Looking for Job change
1392,Not looking for Job change
10348,Not looking for Job change
7957,Not looking for Job change
19058,Not looking for Job change
19243,Not looking for Job change
7770,Not looking for Job change
15910,Not looking for Job change
30486,Not looking for Job change
20333,Looking for Job change
6816,Looking for Job change
26209,Not looking for Job change
10803,Not looking for Job change
26411,Not looking for Job change
31555,Not looking for Job change
15564,Not looking for Job change
28764,Looking for Job change
14172,Not looking for Job change
3068,Looking for Job change
27164,Not looking for Job change
20887,Not looking for Job change
27102,Not looking for Job change
14534,Not looking for Job change
9021,Not looking for Job change
6527,Looking for Job change
7615,Not looking for Job change
11392,Not looking for Job change
33148,Not looking for Job change
20910,Looking for Job change
20269,Not looking for Job change
23670,Looking for Job change
19946,Not looking for Job change
29652,Not looking for Job change
23770,Not looking for Job change
24340,Not looking for Job change
18737,Not looking for Job change
24739,Looking for Job change
31072,Not looking for Job change
32629,Not looking for Job change
4184,Not looking for Job change
19028,Not looking for Job change
12295,Not looking for Job change
17898,Not looking for Job change
25160,Looking for Job change
13000,Not looking for Job change
8849,Looking for Job change
4773,Not looking for Job change
23867,Looking for Job change
25341,Not looking for Job change
1456,Not looking for Job change
22152,Not looking for Job change
6560,Not looking for Job change
22829,Not looking for Job change
4745,Not looking for Job change
22814,Not looking for Job change
23233,Not looking for Job change
26370,Not looking for Job change
12695,Not looking for Job change
11888,Not looking for Job change
319,Not looking for Job change
2510,Looking for Job change
5298,Not looking for Job change
18400,Not looking for Job change
30849,Looking for Job change
31123,Not looking for Job change
15829,Not looking for Job change
15578,Not looking for Job change
4037,Not looking for Job change
29658,Not looking for Job change
10171,Not looking for Job change
1937,Not looking for Job change
7376,Not looking for Job change
25243,Not looking for Job change
9234,Not looking for Job change
8471,Not looking for Job change
5367,Not looking for Job change
5576,Not looking for Job change
5488,Not looking for Job change
18306,Not looking for Job change
2063,Not looking for Job change
14205,Not looking for Job change
16490,Not looking for Job change
10560,Not looking for Job change
23064,Not looking for Job change
32545,Not looking for Job change
29833,Looking for Job change
14200,Not looking for Job change
29830,Looking for Job change
21423,Not looking for Job change
13869,Not looking for Job change
28259,Not looking for Job change
9618,Looking for Job change
18209,Looking for Job change
27437,Not looking for Job change
17129,Looking for Job change
8349,Not looking for Job change
6179,Not looking for Job change
28842,Looking for Job change
26563,Not looking for Job change
19256,Not looking for Job change
25579,Not looking for Job change
27521,Not looking for Job change
31378,Not looking for Job change
14870,Not looking for Job change
11929,Not looking for Job change
14585,Not looking for Job change
32487,Looking for Job change
15593,Not looking for Job change
13170,Not looking for Job change
24544,Not looking for Job change
11613,Looking for Job change
30221,Looking for Job change
28251,Not looking for Job change
4062,Not looking for Job change
29018,Not looking for Job change
26433,Not looking for Job change
5489,Not looking for Job change
19459,Not looking for Job change
6017,Not looking for Job change
24261,Not looking for Job change
16705,Not looking for Job change
16540,Not looking for Job change
7508,Not looking for Job change
32650,Not looking for Job change
21381,Not looking for Job change
9487,Looking for Job change
9040,Not looking for Job change
12854,Not looking for Job change
32495,Looking for Job change
1622,Looking for Job change
15660,Looking for Job change
4052,Not looking for Job change
23279,Not looking for Job change
20286,Not looking for Job change
13832,Looking for Job change
8066,Not looking for Job change
31585,Not looking for Job change
1249,Not looking for Job change
10843,Not looking for Job change
9706,Not looking for Job change
14601,Looking for Job change
5823,Not looking for Job change
1148,Not looking for Job change
31284,Not looking for Job change
21383,Not looking for Job change
32156,Not looking for Job change
14110,Not looking for Job change
20035,Looking for Job change
20872,Not looking for Job change
14568,Looking for Job change
12115,Not looking for Job change
26440,Not looking for Job change
28319,Not looking for Job change
11654,Not looking for Job change
22964,Not looking for Job change
6834,Looking for Job change
15305,Looking for Job change
14669,Not looking for Job change
15978,Not looking for Job change
32027,Not looking for Job change
4806,Not looking for Job change
23700,Not looking for Job change
5956,Not looking for Job change
2441,Not looking for Job change
20068,Not looking for Job change
18369,Looking for Job change
28121,Looking for Job change
15061,Not looking for Job change
7443,Not looking for Job change
14456,Looking for Job change
1864,Not looking for Job change
23766,Not looking for Job change
13051,Not looking for Job change
25644,Not looking for Job change
16941,Not looking for Job change
30388,Not looking for Job change
5861,Not looking for Job change
9840,Not looking for Job change
16203,Not looking for Job change
23986,Looking for Job change
6889,Not looking for Job change
3658,Not looking for Job change
4004,Not looking for Job change
14620,Not looking for Job change
18979,Not looking for Job change
25101,Not looking for Job change
10873,Not looking for Job change
24570,Not looking for Job change
25051,Looking for Job change
22366,Not looking for Job change
11762,Not looking for Job change
9993,Not looking for Job change
31464,Not looking for Job change
5040,Not looking for Job change
976,Not looking for Job change
30784,Not looking for Job change
31557,Looking for Job change
22982,Not looking for Job change
29300,Not looking for Job change
5932,Not looking for Job change
31852,Not looking for Job change
20833,Not looking for Job change
9501,Not looking for Job change
9707,Looking for Job change
20756,Not looking for Job change
11541,Not looking for Job change
28084,Not looking for Job change
9726,Not looking for Job change
31483,Not looking for Job change
17440,Not looking for Job change
30836,Looking for Job change
139,Not looking for Job change
2606,Looking for Job change
14158,Looking for Job change
13100,Not looking for Job change
30502,Not looking for Job change
24245,Not looking for Job change
28562,Not looking for Job change
12735,Not looking for Job change
4114,Not looking for Job change
30367,Looking for Job change
5412,Looking for Job change
27834,Not looking for Job change
4709,Not looking for Job change
23880,Not looking for Job change
18607,Looking for Job change
15527,Not looking for Job change
13748,Not looking for Job change
24331,Looking for Job change
10636,Not looking for Job change
12488,Looking for Job change
16660,Not looking for Job change
2892,Not looking for Job change
6332,Not looking for Job change
6504,Looking for Job change
19043,Not looking for Job change
22715,Not looking for Job change
27606,Not looking for Job change
33052,Not looking for Job change
6793,Not looking for Job change
16595,Looking for Job change
18261,Not looking for Job change
27307,Not looking for Job change
25699,Looking for Job change
11707,Not looking for Job change
21613,Looking for Job change
32057,Looking for Job change
115,Not looking for Job change
6823,Not looking for Job change
14353,Not looking for Job change
26805,Looking for Job change
15635,Looking for Job change
26417,Not looking for Job change
3848,Not looking for Job change
17211,Looking for Job change
13103,Not looking for Job change
5243,Looking for Job change
2107,Not looking for Job change
30974,Not looking for Job change
2998,Not looking for Job change
22975,Looking for Job change
27239,Looking for Job change
18463,Looking for Job change
21490,Looking for Job change
30657,Not looking for Job change
32075,Looking for Job change
31141,Not looking for Job change
2340,Not looking for Job change
21188,Not looking for Job change
24156,Looking for Job change
32584,Not looking for Job change
6515,Looking for Job change
14292,Not looking for Job change
16125,Not looking for Job change
25802,Not looking for Job change
19385,Looking for Job change
27304,Not looking for Job change
3697,Looking for Job change
11800,Not looking for Job change
180,Not looking for Job change
7733,Looking for Job change
6935,Not looking for Job change
4082,Not looking for Job change
31959,Not looking for Job change
25113,Looking for Job change
14329,Not looking for Job change
15570,Not looking for Job change
32516,Looking for Job change
2535,Not looking for Job change
16014,Not looking for Job change
24251,Not looking for Job change
31019,Not looking for Job change
21012,Not looking for Job change
22140,Not looking for Job change
21462,Looking for Job change
20786,Looking for Job change
32404,Not looking for Job change
16084,Not looking for Job change
20103,Looking for Job change
22525,Not looking for Job change
13230,Looking for Job change
29502,Not looking for Job change
11646,Not looking for Job change
6058,Not looking for Job change
30892,Not looking for Job change
31017,Looking for Job change
23803,Not looking for Job change
6831,Not looking for Job change
20380,Not looking for Job change
15629,Not looking for Job change
17342,Not looking for Job change
22359,Looking for Job change
27610,Not looking for Job change
26769,Looking for Job change
3979,Not looking for Job change
25171,Not looking for Job change
23379,Not looking for Job change
18138,Not looking for Job change
31687,Not looking for Job change
23739,Not looking for Job change
8392,Looking for Job change
6427,Not looking for Job change
27813,Not looking for Job change
20687,Not looking for Job change
22527,Looking for Job change
33343,Looking for Job change
818,Not looking for Job change
31669,Looking for Job change
10952,Looking for Job change
16331,Not looking for Job change
32029,Not looking for Job change
21152,Not looking for Job change
23488,Not looking for Job change
11945,Looking for Job change
1670,Not looking for Job change
16104,Not looking for Job change
4158,Not looking for Job change
29781,Not looking for Job change
6720,Looking for Job change
14369,Not looking for Job change
20235,Not looking for Job change
3617,Not looking for Job change
30756,Looking for Job change
22625,Looking for Job change
22057,Looking for Job change
20635,Looking for Job change
1588,Not looking for Job change
234,Not looking for Job change
18752,Looking for Job change
18128,Not looking for Job change
18260,Not looking for Job change
19332,Not looking for Job change
9564,Not looking for Job change
5685,Not looking for Job change
18063,Not looking for Job change
27124,Not looking for Job change
3395,Looking for Job change
22310,Not looking for Job change
15977,Not looking for Job change
4917,Not looking for Job change
19102,Not looking for Job change
23275,Not looking for Job change
13157,Not looking for Job change
13269,Not looking for Job change
29977,Looking for Job change
20571,Not looking for Job change
23883,Looking for Job change
33033,Looking for Job change
10579,Not looking for Job change
5258,Looking for Job change
853,Not looking for Job change
27245,Not looking for Job change
30670,Looking for Job change
22497,Not looking for Job change
3218,Not looking for Job change
464,Not looking for Job change
15770,Not looking for Job change
18264,Not looking for Job change
32066,Looking for Job change
11386,Not looking for Job change
17502,Not looking for Job change
32273,Looking for Job change
27543,Not looking for Job change
16317,Not looking for Job change
2852,Not looking for Job change
5056,Not looking for Job change
17504,Not looking for Job change
24585,Looking for Job change
11734,Not looking for Job change
16675,Not looking for Job change
23344,Not looking for Job change
21786,Not looking for Job change
31079,Looking for Job change
33251,Not looking for Job change
7805,Not looking for Job change
8911,Not looking for Job change
7315,Not looking for Job change
28132,Looking for Job change
8367,Not looking for Job change
27909,Not looking for Job change
32320,Not looking for Job change
15441,Not looking for Job change
25999,Looking for Job change
20169,Not looking for Job change
11682,Not looking for Job change
26581,Not looking for Job change
14832,Looking for Job change
18023,Not looking for Job change
18963,Not looking for Job change
9105,Not looking for Job change
18344,Looking for Job change
576,Not looking for Job change
2656,Not looking for Job change
16881,Not looking for Job change
30245,Looking for Job change
9630,Not looking for Job change
3580,Not looking for Job change
14773,Not looking for Job change
31238,Not looking for Job change
1633,Not looking for Job change
1995,Not looking for Job change
30587,Not looking for Job change
32369,Not looking for Job change
3722,Looking for Job change
10721,Not looking for Job change
407,Not looking for Job change
31098,Not looking for Job change
4053,Not looking for Job change
13782,Looking for Job change
20767,Looking for Job change
20113,Not looking for Job change
4674,Looking for Job change
2444,Looking for Job change
19966,Not looking for Job change
26367,Not looking for Job change
19508,Not looking for Job change
13006,Not looking for Job change
7563,Not looking for Job change
25993,Not looking for Job change
18013,Looking for Job change
27699,Not looking for Job change
3003,Not looking for Job change
6620,Not looking for Job change
4364,Not looking for Job change
2296,Not looking for Job change
17958,Not looking for Job change
9740,Not looking for Job change
1304,Not looking for Job change
28735,Not looking for Job change
32212,Not looking for Job change
14053,Not looking for Job change
22641,Not looking for Job change
17900,Not looking for Job change
31333,Not looking for Job change
501,Looking for Job change
18104,Not looking for Job change
6092,Not looking for Job change
17249,Not looking for Job change
1227,Looking for Job change
23515,Not looking for Job change
16309,Not looking for Job change
5368,Looking for Job change
27693,Not looking for Job change
2582,Not looking for Job change
12096,Not looking for Job change
17526,Not looking for Job change
23647,Not looking for Job change
11440,Not looking for Job change
7942,Not looking for Job change
12064,Not looking for Job change
2170,Not looking for Job change
15663,Looking for Job change
18378,Looking for Job change
5943,Not looking for Job change
8578,Not looking for Job change
28645,Not looking for Job change
5101,Looking for Job change
14529,Not looking for Job change
26235,Looking for Job change
24260,Not looking for Job change
17549,Not looking for Job change
17610,Not looking for Job change
10246,Looking for Job change
8990,Looking for Job change
20459,Looking for Job change
22775,Looking for Job change
11212,Not looking for Job change
11963,Not looking for Job change
14516,Looking for Job change
6464,Not looking for Job change
31981,Not looking for Job change
19350,Not looking for Job change
675,Not looking for Job change
3374,Not looking for Job change
24495,Not looking for Job change
8484,Not looking for Job change
12459,Looking for Job change
29414,Not looking for Job change
10548,Not looking for Job change
29383,Looking for Job change
13373,Not looking for Job change
21283,Not looking for Job change
2280,Looking for Job change
5624,Not looking for Job change
6778,Not looking for Job change
2926,Not looking for Job change
20431,Not looking for Job change
29537,Not looking for Job change
4450,Not looking for Job change
25833,Looking for Job change
33112,Not looking for Job change
547,Not looking for Job change
9270,Not looking for Job change
15566,Not looking for Job change
30826,Not looking for Job change
250,Not looking for Job change
25714,Not looking for Job change
28267,Looking for Job change
4504,Not looking for Job change
12581,Not looking for Job change
15483,Not looking for Job change
2894,Not looking for Job change
15726,Not looking for Job change
17117,Not looking for Job change
14182,Looking for Job change
3699,Not looking for Job change
29624,Looking for Job change
16168,Looking for Job change
9800,Not looking for Job change
9544,Looking for Job change
1433,Looking for Job change
27458,Looking for Job change
4804,Looking for Job change
24376,Not looking for Job change
31613,Not looking for Job change
26895,Not looking for Job change
17085,Not looking for Job change
22698,Looking for Job change
146,Not looking for Job change
24022,Looking for Job change
14658,Not looking for Job change
21548,Not looking for Job change
9827,Not looking for Job change
18544,Not looking for Job change
28874,Not looking for Job change
6361,Not looking for Job change
13089,Not looking for Job change
23426,Not looking for Job change
22520,Not looking for Job change
9649,Not looking for Job change
23255,Not looking for Job change
24081,Looking for Job change
23116,Not looking for Job change
27338,Looking for Job change
14873,Not looking for Job change
11886,Looking for Job change
9207,Not looking for Job change
3291,Not looking for Job change
5002,Looking for Job change
6768,Looking for Job change
6281,Not looking for Job change
11155,Not looking for Job change
14342,Not looking for Job change
10394,Not looking for Job change
14014,Not looking for Job change
28671,Not looking for Job change
5109,Not looking for Job change
31775,Not looking for Job change
17944,Not looking for Job change
7499,Not looking for Job change
13124,Looking for Job change
22808,Not looking for Job change
29695,Not looking for Job change
6167,Not looking for Job change
137,Not looking for Job change
19494,Not looking for Job change
33277,Looking for Job change
3760,Not looking for Job change
6837,Looking for Job change
27220,Not looking for Job change
26985,Not looking for Job change
23667,Not looking for Job change
7793,Not looking for Job change
11502,Looking for Job change
5882,Not looking for Job change
24978,Looking for Job change
25866,Not looking for Job change
30020,Not looking for Job change
5380,Not looking for Job change
20045,Not looking for Job change
26651,Not looking for Job change
14077,Not looking for Job change
32000,Looking for Job change
26694,Looking for Job change
167,Looking for Job change
28381,Not looking for Job change
24612,Not looking for Job change
17481,Not looking for Job change
28007,Looking for Job change
26178,Not looking for Job change
13467,Not looking for Job change
5720,Looking for Job change
18565,Not looking for Job change
17018,Not looking for Job change
13047,Not looking for Job change
20475,Looking for Job change
5150,Not looking for Job change
31451,Not looking for Job change
14621,Not looking for Job change
29123,Not looking for Job change
13949,Looking for Job change
2269,Not looking for Job change
12814,Not looking for Job change
5255,Looking for Job change
3880,Not looking for Job change
25297,Not looking for Job change
27008,Looking for Job change
1886,Not looking for Job change
31129,Not looking for Job change
1123,Not looking for Job change
9149,Not looking for Job change
21962,Not looking for Job change
462,Looking for Job change
2677,Looking for Job change
18648,Not looking for Job change
25612,Not looking for Job change
2784,Not looking for Job change
33064,Looking for Job change
3543,Not looking for Job change
16419,Not looking for Job change
31606,Looking for Job change
5800,Looking for Job change
9032,Not looking for Job change
32908,Not looking for Job change
31186,Not looking for Job change
18411,Looking for Job change
7636,Not looking for Job change
25586,Not looking for Job change
2583,Not looking for Job change
560,Not looking for Job change
5514,Not looking for Job change
3624,Not looking for Job change
1274,Not looking for Job change
4957,Not looking for Job change
7424,Not looking for Job change
12055,Looking for Job change
9163,Looking for Job change
29171,Not looking for Job change
16193,Not looking for Job change
25623,Looking for Job change
2575,Not looking for Job change
21353,Looking for Job change
9106,Not looking for Job change
30470,Looking for Job change
20437,Not looking for Job change
18316,Looking for Job change
11956,Not looking for Job change
8713,Not looking for Job change
12951,Not looking for Job change
23795,Not looking for Job change
25933,Not looking for Job change
14271,Not looking for Job change
25129,Looking for Job change
344,Not looking for Job change
31672,Looking for Job change
6400,Not looking for Job change
30719,Not looking for Job change
26660,Not looking for Job change
14428,Looking for Job change
6225,Not looking for Job change
7773,Not looking for Job change
7720,Not looking for Job change
2018,Not looking for Job change
5485,Looking for Job change
23288,Not looking for Job change
33010,Not looking for Job change
4819,Not looking for Job change
3127,Not looking for Job change
32360,Not looking for Job change
23133,Not looking for Job change
28972,Not looking for Job change
7439,Not looking for Job change
28333,Not looking for Job change
25726,Not looking for Job change
15009,Not looking for Job change
20205,Not looking for Job change
31245,Not looking for Job change
10810,Looking for Job change
1172,Looking for Job change
10809,Looking for Job change
16944,Looking for Job change
12829,Not looking for Job change
24246,Not looking for Job change
33108,Not looking for Job change
5484,Not looking for Job change
20725,Not looking for Job change
19501,Looking for Job change
19468,Not looking for Job change
1097,Not looking for Job change
31984,Not looking for Job change
172,Not looking for Job change
4899,Not looking for Job change
19171,Not looking for Job change
21296,Not looking for Job change
14156,Not looking for Job change
31565,Not looking for Job change
21308,Looking for Job change
691,Not looking for Job change
15225,Not looking for Job change
852,Not looking for Job change
3413,Looking for Job change
33234,Not looking for Job change
13314,Not looking for Job change
30921,Not looking for Job change
17072,Not looking for Job change
31230,Looking for Job change
6689,Not looking for Job change
19117,Not looking for Job change
32259,Not looking for Job change
15640,Looking for Job change
16690,Not looking for Job change
10928,Looking for Job change
10640,Not looking for Job change
14904,Not looking for Job change
5160,Not looking for Job change
8239,Looking for Job change
11912,Not looking for Job change
23554,Not looking for Job change
17221,Looking for Job change
25072,Not looking for Job change
19240,Not looking for Job change
12151,Not looking for Job change
26963,Not looking for Job change
2889,Not looking for Job change
19260,Not looking for Job change
7626,Looking for Job change
31896,Not looking for Job change
17673,Not looking for Job change
12645,Looking for Job change
13726,Not looking for Job change
14240,Looking for Job change
5113,Not looking for Job change
32646,Looking for Job change
30645,Not looking for Job change
14500,Looking for Job change
16525,Not looking for Job change
20663,Not looking for Job change
8897,Looking for Job change
10049,Not looking for Job change
13543,Not looking for Job change
1250,Not looking for Job change
16345,Not looking for Job change
3673,Not looking for Job change
17165,Looking for Job change
8587,Not looking for Job change
7903,Not looking for Job change
28390,Not looking for Job change
18101,Not looking for Job change
3408,Looking for Job change
3619,Not looking for Job change
9335,Not looking for Job change
31337,Looking for Job change
18903,Not looking for Job change
1406,Not looking for Job change
31133,Looking for Job change
30475,Not looking for Job change
11339,Not looking for Job change
10455,Not looking for Job change
22881,Not looking for Job change
29667,Not looking for Job change
16517,Not looking for Job change
15094,Not looking for Job change
2682,Not looking for Job change
7679,Looking for Job change
2954,Not looking for Job change
12709,Looking for Job change
24845,Not looking for Job change
6829,Looking for Job change
12810,Not looking for Job change
20607,Not looking for Job change
10429,Not looking for Job change
18781,Not looking for Job change
21189,Not looking for Job change
19996,Not looking for Job change
24837,Not looking for Job change
4955,Not looking for Job change
32766,Not looking for Job change
6209,Looking for Job change
24293,Looking for Job change
28090,Not looking for Job change
11842,Not looking for Job change
13211,Looking for Job change
26309,Not looking for Job change
4832,Not looking for Job change
23885,Not looking for Job change
27278,Not looking for Job change
32853,Not looking for Job change
3264,Not looking for Job change
9997,Not looking for Job change
21496,Not looking for Job change
20570,Looking for Job change
11907,Not looking for Job change
28629,Not looking for Job change
31388,Not looking for Job change
14538,Looking for Job change
28,Not looking for Job change
32099,Looking for Job change
6356,Looking for Job change
16058,Not looking for Job change
10198,Not looking for Job change
24993,Not looking for Job change
28864,Not looking for Job change
1206,Not looking for Job change
14412,Not looking for Job change
19987,Not looking for Job change
15586,Not looking for Job change
17424,Not looking for Job change
19783,Not looking for Job change
15763,Not looking for Job change
6433,Not looking for Job change
7881,Not looking for Job change
9237,Not looking for Job change
26656,Not looking for Job change
14019,Looking for Job change
27036,Looking for Job change
8304,Not looking for Job change
16458,Looking for Job change
16138,Not looking for Job change
8701,Not looking for Job change
14281,Not looking for Job change
1968,Not looking for Job change
742,Not looking for Job change
17953,Looking for Job change
660,Not looking for Job change
10829,Not looking for Job change
14159,Looking for Job change
13603,Not looking for Job change
18232,Not looking for Job change
14574,Not looking for Job change
24725,Not looking for Job change
10737,Not looking for Job change
15141,Not looking for Job change
25308,Looking for Job change
23084,Not looking for Job change
25465,Not looking for Job change
12340,Not looking for Job change
15589,Not looking for Job change
129,Not looking for Job change
19641,Not looking for Job change
8083,Not looking for Job change
4166,Not looking for Job change
14586,Looking for Job change
21822,Not looking for Job change
2415,Not looking for Job change
1382,Looking for Job change
30373,Not looking for Job change
1135,Not looking for Job change
29230,Not looking for Job change
16972,Not looking for Job change
25730,Not looking for Job change
17021,Not looking for Job change
19032,Looking for Job change
6154,Not looking for Job change
2744,Not looking for Job change
621,Looking for Job change
14035,Looking for Job change
13621,Looking for Job change
19202,Not looking for Job change
29010,Looking for Job change
3606,Not looking for Job change
22214,Not looking for Job change
16245,Looking for Job change
30639,Not looking for Job change
28365,Not looking for Job change
30546,Not looking for Job change
7792,Looking for Job change
12846,Looking for Job change
25038,Looking for Job change
17919,Not looking for Job change
6465,Not looking for Job change
13836,Not looking for Job change
30399,Not looking for Job change
27949,Not looking for Job change
27512,Not looking for Job change
22507,Not looking for Job change
656,Looking for Job change
23663,Not looking for Job change
30907,Not looking for Job change
30023,Not looking for Job change
22045,Not looking for Job change
2209,Not looking for Job change
4838,Looking for Job change
28498,Not looking for Job change
1179,Not looking for Job change
10682,Not looking for Job change
20707,Not looking for Job change
31228,Not looking for Job change
11642,Not looking for Job change
14477,Looking for Job change
25737,Not looking for Job change
21032,Not looking for Job change
30770,Looking for Job change
28733,Not looking for Job change
26032,Looking for Job change
2421,Looking for Job change
6027,Not looking for Job change
7266,Looking for Job change
20956,Not looking for Job change
26068,Not looking for Job change
20179,Not looking for Job change
32956,Not looking for Job change
12570,Looking for Job change
7689,Looking for Job change
19653,Not looking for Job change
8447,Not looking for Job change
18513,Not looking for Job change
4066,Not looking for Job change
613,Not looking for Job change
12437,Not looking for Job change
20917,Not looking for Job change
12505,Looking for Job change
22510,Looking for Job change
6642,Not looking for Job change
8562,Looking for Job change
13030,Not looking for Job change
33291,Not looking for Job change
10469,Looking for Job change
30777,Not looking for Job change
31756,Looking for Job change
3879,Not looking for Job change
16255,Looking for Job change
5050,Looking for Job change
4273,Looking for Job change
14867,Not looking for Job change
16180,Not looking for Job change
8491,Not looking for Job change
23514,Not looking for Job change
14398,Not looking for Job change
11444,Looking for Job change
22303,Not looking for Job change
7391,Not looking for Job change
9195,Not looking for Job change
7519,Not looking for Job change
15307,Not looking for Job change
24683,Not looking for Job change
27067,Looking for Job change
11327,Not looking for Job change
2529,Looking for Job change
31349,Not looking for Job change
30739,Not looking for Job change
32141,Not looking for Job change
7759,Looking for Job change
16286,Not looking for Job change
5381,Looking for Job change
16782,Looking for Job change
8122,Not looking for Job change
4370,Not looking for Job change
13883,Not looking for Job change
21673,Not looking for Job change
24268,Not looking for Job change
17200,Not looking for Job change
31533,Not looking for Job change
23172,Not looking for Job change
1647,Not looking for Job change
1276,Not looking for Job change
19942,Looking for Job change
26888,Looking for Job change
11667,Not looking for Job change
3890,Not looking for Job change
17267,Not looking for Job change
4934,Not looking for Job change
2752,Looking for Job change
6413,Not looking for Job change
5817,Not looking for Job change
27952,Looking for Job change
6402,Looking for Job change
2358,Looking for Job change
7645,Looking for Job change
15411,Not looking for Job change
32727,Looking for Job change
32693,Not looking for Job change
471,Not looking for Job change
16922,Not looking for Job change
31991,Not looking for Job change
16212,Looking for Job change
22477,Looking for Job change
11514,Not looking for Job change
28290,Not looking for Job change
11473,Not looking for Job change
28584,Not looking for Job change
9209,Not looking for Job change
28252,Looking for Job change
30158,Not looking for Job change
18492,Looking for Job change
18940,Not looking for Job change
30512,Looking for Job change
19654,Not looking for Job change
16577,Not looking for Job change
17836,Not looking for Job change
29074,Not looking for Job change
25155,Looking for Job change
31796,Not looking for Job change
30965,Not looking for Job change
7212,Not looking for Job change
20419,Looking for Job change
27143,Not looking for Job change
33134,Not looking for Job change
21657,Looking for Job change
14255,Not looking for Job change
11728,Not looking for Job change
915,Not looking for Job change
7987,Looking for Job change
25241,Not looking for Job change
18483,Looking for Job change
7032,Not looking for Job change
31668,Not looking for Job change
22870,Not looking for Job change
13142,Not looking for Job change
11481,Not looking for Job change
1679,Not looking for Job change
15849,Not looking for Job change
22392,Looking for Job change
29223,Not looking for Job change
5296,Not looking for Job change
25329,Not looking for Job change
15164,Looking for Job change
5780,Not looking for Job change
14767,Not looking for Job change
7926,Looking for Job change
32606,Not looking for Job change
30295,Not looking for Job change
2436,Not looking for Job change
12407,Not looking for Job change
5509,Not looking for Job change
33300,Not looking for Job change
12374,Not looking for Job change
23562,Not looking for Job change
27420,Not looking for Job change
15974,Not looking for Job change
13204,Not looking for Job change
12453,Looking for Job change
21071,Not looking for Job change
795,Not looking for Job change
80,Not looking for Job change
8509,Not looking for Job change
27199,Not looking for Job change
4393,Not looking for Job change
26993,Looking for Job change
9753,Looking for Job change
17074,Not looking for Job change
9291,Not looking for Job change
21210,Not looking for Job change
6548,Not looking for Job change
5601,Not looking for Job change
29159,Not looking for Job change
20909,Not looking for Job change
13140,Not looking for Job change
8903,Not looking for Job change
20079,Not looking for Job change
24628,Not looking for Job change
5482,Not looking for Job change
16050,Not looking for Job change
18581,Not looking for Job change
14438,Not looking for Job change
8031,Not looking for Job change
32710,Not looking for Job change
5857,Not looking for Job change
28799,Not looking for Job change
19726,Not looking for Job change
6191,Not looking for Job change
32521,Not looking for Job change
29176,Not looking for Job change
28278,Not looking for Job change
2625,Not looking for Job change
15587,Not looking for Job change
14741,Not looking for Job change
19210,Not looking for Job change
21015,Not looking for Job change
2010,Not looking for Job change
8942,Not looking for Job change
9586,Not looking for Job change
6444,Not looking for Job change
1604,Not looking for Job change
24158,Not looking for Job change
24017,Not looking for Job change
24362,Not looking for Job change
29969,Not looking for Job change
16831,Not looking for Job change
28518,Not looking for Job change
21039,Not looking for Job change
1776,Not looking for Job change
1678,Not looking for Job change
11188,Not looking for Job change
5346,Not looking for Job change
25867,Not looking for Job change
8335,Not looking for Job change
29417,Not looking for Job change
28383,Looking for Job change
31485,Not looking for Job change
11330,Not looking for Job change
13259,Not looking for Job change
7539,Not looking for Job change
18271,Looking for Job change
19556,Not looking for Job change
31232,Looking for Job change
1175,Not looking for Job change
8107,Not looking for Job change
2768,Not looking for Job change
26448,Not looking for Job change
22700,Looking for Job change
10287,Not looking for Job change
21246,Not looking for Job change
9098,Not looking for Job change
17952,Looking for Job change
3889,Not looking for Job change
268,Not looking for Job change
27376,Not looking for Job change
22042,Looking for Job change
32395,Not looking for Job change
16955,Not looking for Job change
15027,Not looking for Job change
27771,Not looking for Job change
25918,Not looking for Job change
28694,Not looking for Job change
10523,Not looking for Job change
12163,Not looking for Job change
10279,Looking for Job change
20918,Not looking for Job change
22940,Not looking for Job change
11283,Not looking for Job change
15682,Not looking for Job change
29890,Not looking for Job change
24998,Not looking for Job change
15853,Not looking for Job change
14581,Not looking for Job change
27390,Not looking for Job change
21976,Not looking for Job change
28808,Not looking for Job change
14285,Not looking for Job change
7784,Not looking for Job change
15973,Looking for Job change
24155,Looking for Job change
24815,Not looking for Job change
21023,Not looking for Job change
27787,Not looking for Job change
24378,Looking for Job change
7346,Not looking for Job change
25958,Not looking for Job change
32635,Looking for Job change
1985,Looking for Job change
288,Not looking for Job change
27281,Not looking for Job change
7953,Looking for Job change
366,Looking for Job change
27108,Not looking for Job change
9514,Not looking for Job change
17386,Not looking for Job change
4889,Not looking for Job change
22974,Not looking for Job change
28176,Not looking for Job change
17224,Not looking for Job change
32636,Not looking for Job change
21511,Not looking for Job change
25408,Looking for Job change
10308,Not looking for Job change
6509,Not looking for Job change
12676,Not looking for Job change
22320,Not looking for Job change
19403,Looking for Job change
25679,Not looking for Job change
25097,Looking for Job change
30538,Not looking for Job change
29321,Not looking for Job change
5083,Not looking for Job change
17194,Not looking for Job change
25371,Not looking for Job change
25629,Not looking for Job change
2790,Looking for Job change
31615,Not looking for Job change
9134,Looking for Job change
23968,Not looking for Job change
24908,Not looking for Job change
22712,Not looking for Job change
11063,Looking for Job change
16129,Looking for Job change
25292,Not looking for Job change
11796,Looking for Job change
31234,Looking for Job change
4581,Not looking for Job change
17703,Not looking for Job change
30036,Looking for Job change
9837,Looking for Job change
2715,Not looking for Job change
22652,Not looking for Job change
15158,Not looking for Job change
830,Not looking for Job change
24660,Not looking for Job change
2915,Not looking for Job change
18322,Not looking for Job change
23189,Not looking for Job change
25544,Not looking for Job change
15534,Not looking for Job change
12312,Looking for Job change
7789,Looking for Job change
6335,Not looking for Job change
17675,Not looking for Job change
7156,Not looking for Job change
14816,Not looking for Job change
31402,Looking for Job change
12759,Not looking for Job change
18706,Looking for Job change
5266,Not looking for Job change
27308,Looking for Job change
6721,Looking for Job change
667,Not looking for Job change
3027,Not looking for Job change
8735,Not looking for Job change
24238,Looking for Job change
28911,Not looking for Job change
18575,Looking for Job change
15098,Not looking for Job change
33308,Looking for Job change
185,Not looking for Job change
25603,Looking for Job change
27386,Not looking for Job change
28630,Not looking for Job change
32243,Not looking for Job change
3635,Not looking for Job change
30957,Not looking for Job change
2326,Not looking for Job change
17950,Looking for Job change
32910,Looking for Job change
32353,Not looking for Job change
13462,Looking for Job change
28937,Not looking for Job change
29276,Looking for Job change
16082,Not looking for Job change
515,Not looking for Job change
31826,Not looking for Job change
14515,Not looking for Job change
26722,Looking for Job change
2937,Not looking for Job change
30103,Not looking for Job change
25100,Not looking for Job change
13397,Not looking for Job change
8413,Not looking for Job change
11413,Not looking for Job change
9556,Looking for Job change
28061,Looking for Job change
32374,Not looking for Job change
16251,Not looking for Job change
23674,Looking for Job change
16689,Not looking for Job change
8042,Not looking for Job change
9055,Looking for Job change
12674,Not looking for Job change
16328,Not looking for Job change
22099,Not looking for Job change
6314,Not looking for Job change
4579,Not looking for Job change
11640,Looking for Job change
5126,Not looking for Job change
11401,Not looking for Job change
5841,Not looking for Job change
1838,Looking for Job change
6398,Not looking for Job change
18267,Looking for Job change
22591,Looking for Job change
12996,Looking for Job change
8514,Not looking for Job change
3862,Not looking for Job change
29762,Not looking for Job change
32795,Looking for Job change
9918,Not looking for Job change
10162,Not looking for Job change
18847,Not looking for Job change
26138,Not looking for Job change
30294,Not looking for Job change
31629,Not looking for Job change
32019,Looking for Job change
29341,Not looking for Job change
31465,Not looking for Job change
19158,Not looking for Job change
26354,Not looking for Job change
2936,Not looking for Job change
24820,Not looking for Job change
29326,Looking for Job change
32022,Not looking for Job change
10478,Looking for Job change
24800,Looking for Job change
29243,Not looking for Job change
22835,Not looking for Job change
6615,Looking for Job change
32152,Not looking for Job change
7281,Not looking for Job change
7314,Not looking for Job change
5479,Looking for Job change
28427,Not looking for Job change
18166,Not looking for Job change
18384,Looking for Job change
23628,Looking for Job change
18665,Not looking for Job change
20691,Looking for Job change
10260,Looking for Job change
4586,Looking for Job change
610,Not looking for Job change
17389,Not looking for Job change
12558,Looking for Job change
16395,Not looking for Job change
11770,Not looking for Job change
27991,Not looking for Job change
27425,Not looking for Job change
25585,Looking for Job change
20758,Not looking for Job change
4791,Not looking for Job change
18816,Looking for Job change
31466,Looking for Job change
12500,Not looking for Job change
1928,Looking for Job change
15385,Looking for Job change
14264,Not looking for Job change
29541,Not looking for Job change
8426,Not looking for Job change
11148,Not looking for Job change
22661,Not looking for Job change
19550,Looking for Job change
15384,Looking for Job change
1443,Not looking for Job change
14491,Not looking for Job change
3275,Not looking for Job change
5265,Not looking for Job change
15865,Looking for Job change
8539,Not looking for Job change
25995,Not looking for Job change
12288,Not looking for Job change
25411,Not looking for Job change
12189,Looking for Job change
27933,Not looking for Job change
11273,Not looking for Job change
30859,Not looking for Job change
15521,Not looking for Job change
25054,Looking for Job change
11506,Not looking for Job change
5934,Not looking for Job change
3689,Not looking for Job change
27337,Not looking for Job change
15911,Not looking for Job change
32996,Not looking for Job change
10663,Not looking for Job change
18356,Looking for Job change
6865,Not looking for Job change
30679,Not looking for Job change
7347,Not looking for Job change
31951,Looking for Job change
13009,Looking for Job change
6452,Not looking for Job change
19294,Not looking for Job change
12946,Not looking for Job change
8375,Not looking for Job change
8043,Not looking for Job change
4063,Not looking for Job change
14821,Not looking for Job change
16107,Looking for Job change
23465,Looking for Job change
18698,Not looking for Job change
24582,Not looking for Job change
19239,Not looking for Job change
9664,Not looking for Job change
17300,Looking for Job change
21257,Not looking for Job change
26856,Not looking for Job change
29283,Not looking for Job change
30846,Not looking for Job change
24670,Not looking for Job change
11391,Not looking for Job change
13823,Not looking for Job change
25931,Not looking for Job change
14638,Not looking for Job change
29031,Looking for Job change
14883,Looking for Job change
17924,Not looking for Job change
30951,Not looking for Job change
9051,Not looking for Job change
6963,Looking for Job change
3559,Not looking for Job change
9700,Not looking for Job change
11849,Not looking for Job change
22737,Not looking for Job change
6969,Not looking for Job change
31870,Not looking for Job change
25263,Not looking for Job change
21049,Looking for Job change
17307,Not looking for Job change
19471,Not looking for Job change
22338,Not looking for Job change
18519,Looking for Job change
8752,Not looking for Job change
17254,Looking for Job change
31441,Not looking for Job change
13175,Not looking for Job change
2122,Looking for Job change
734,Not looking for Job change
10655,Not looking for Job change
20900,Not looking for Job change
25977,Looking for Job change
8038,Not looking for Job change
9275,Not looking for Job change
26576,Not looking for Job change
8184,Not looking for Job change
25181,Not looking for Job change
27059,Not looking for Job change
17920,Not looking for Job change
14932,Not looking for Job change
2491,Not looking for Job change
22450,Looking for Job change
12831,Not looking for Job change
24057,Looking for Job change
27854,Not looking for Job change
9083,Not looking for Job change
26670,Looking for Job change
5709,Not looking for Job change
31995,Looking for Job change
11845,Not looking for Job change
14052,Not looking for Job change
22407,Looking for Job change
33353,Not looking for Job change
32278,Looking for Job change
14069,Looking for Job change
828,Not looking for Job change
16574,Not looking for Job change
6742,Looking for Job change
6583,Not looking for Job change
15159,Not looking for Job change
16614,Not looking for Job change
27456,Not looking for Job change
16462,Looking for Job change
32105,Looking for Job change
22464,Looking for Job change
20165,Looking for Job change
2610,Not looking for Job change
18668,Not looking for Job change
20361,Looking for Job change
1055,Not looking for Job change
19794,Not looking for Job change
4810,Not looking for Job change
16560,Looking for Job change
5236,Looking for Job change
28886,Looking for Job change
18338,Looking for Job change
25697,Not looking for Job change
15150,Not looking for Job change
5005,Not looking for Job change
8358,Not looking for Job change
27297,Looking for Job change
19413,Not looking for Job change
5111,Not looking for Job change
13477,Looking for Job change
2120,Not looking for Job change
28293,Not looking for Job change
31481,Looking for Job change
25635,Not looking for Job change
14041,Not looking for Job change
10311,Not looking for Job change
13925,Not looking for Job change
2183,Not looking for Job change
23188,Not looking for Job change
8982,Not looking for Job change
20064,Not looking for Job change
21604,Looking for Job change
3991,Not looking for Job change
3307,Not looking for Job change
4343,Not looking for Job change
24642,Not looking for Job change
12008,Not looking for Job change
22200,Not looking for Job change
2789,Not looking for Job change
22697,Looking for Job change
20321,Not looking for Job change
13470,Not looking for Job change
31236,Looking for Job change
32607,Looking for Job change
8216,Looking for Job change
5320,Not looking for Job change
30466,Not looking for Job change
24026,Looking for Job change
30013,Not looking for Job change
22342,Not looking for Job change
370,Not looking for Job change
30365,Looking for Job change
30316,Not looking for Job change
28350,Not looking for Job change
11927,Looking for Job change
31708,Looking for Job change
25882,Looking for Job change
16079,Looking for Job change
21788,Not looking for Job change
2530,Not looking for Job change
20640,Not looking for Job change
7148,Not looking for Job change
20308,Looking for Job change
2196,Not looking for Job change
17225,Not looking for Job change
28163,Not looking for Job change
16164,Not looking for Job change
11460,Looking for Job change
2900,Not looking for Job change
1026,Not looking for Job change
8049,Not looking for Job change
12413,Not looking for Job change
17269,Not looking for Job change
3885,Not looking for Job change
5194,Not looking for Job change
11644,Not looking for Job change
28377,Not looking for Job change
25914,Not looking for Job change
24947,Not looking for Job change
32540,Looking for Job change
1346,Not looking for Job change
13220,Not looking for Job change
19336,Not looking for Job change
7416,Not looking for Job change
26996,Not looking for Job change
26859,Not looking for Job change
13498,Not looking for Job change
17659,Not looking for Job change
25173,Not looking for Job change
12002,Not looking for Job change
22468,Looking for Job change
25106,Not looking for Job change
11730,Not looking for Job change
21871,Not looking for Job change
19543,Not looking for Job change
4842,Not looking for Job change
12874,Not looking for Job change
19725,Looking for Job change
27614,Not looking for Job change
322,Not looking for Job change
29603,Not looking for Job change
28292,Not looking for Job change
423,Not looking for Job change
22858,Not looking for Job change
16449,Not looking for Job change
26195,Not looking for Job change
29710,Looking for Job change
11901,Not looking for Job change
8170,Not looking for Job change
31818,Looking for Job change
10618,Looking for Job change
10217,Not looking for Job change
13819,Not looking for Job change
13722,Looking for Job change
18100,Not looking for Job change
5029,Not looking for Job change
31473,Not looking for Job change
26801,Looking for Job change
18912,Not looking for Job change
27030,Not looking for Job change
3647,Not looking for Job change
4222,Not looking for Job change
25614,Looking for Job change
19648,Looking for Job change
22430,Looking for Job change
15851,Not looking for Job change
301,Not looking for Job change
18825,Not looking for Job change
31758,Looking for Job change
5898,Looking for Job change
17932,Not looking for Job change
30260,Not looking for Job change
17669,Not looking for Job change
14806,Not looking for Job change
22480,Not looking for Job change
29259,Not looking for Job change
22746,Not looking for Job change
9852,Looking for Job change
30,Not looking for Job change
17854,Not looking for Job change
9205,Looking for Job change
17779,Looking for Job change
20154,Not looking for Job change
16828,Not looking for Job change
7387,Not looking for Job change
31802,Looking for Job change
17188,Looking for Job change
7300,Not looking for Job change
12136,Not looking for Job change
21899,Not looking for Job change
10834,Not looking for Job change
20841,Looking for Job change
5962,Looking for Job change
7813,Not looking for Job change
10847,Not looking for Job change
30109,Looking for Job change
3312,Not looking for Job change
12884,Not looking for Job change
20514,Not looking for Job change
8411,Not looking for Job change
16798,Not looking for Job change
27389,Not looking for Job change
32783,Not looking for Job change
10230,Not looking for Job change
5980,Not looking for Job change
3672,Looking for Job change
29832,Looking for Job change
18719,Looking for Job change
23024,Not looking for Job change
29629,Looking for Job change
8112,Looking for Job change
13953,Not looking for Job change
17450,Not looking for Job change
9752,Looking for Job change
10167,Not looking for Job change
181,Looking for Job change
1476,Looking for Job change
16816,Not looking for Job change
16023,Looking for Job change
12059,Not looking for Job change
28220,Not looking for Job change
18822,Not looking for Job change
17720,Not looking for Job change
13419,Not looking for Job change
23734,Not looking for Job change
6610,Not looking for Job change
18569,Not looking for Job change
25136,Looking for Job change
21469,Not looking for Job change
19752,Not looking for Job change
32453,Not looking for Job change
24625,Looking for Job change
32745,Not looking for Job change
15144,Not looking for Job change
26541,Not looking for Job change
14132,Not looking for Job change
2580,Not looking for Job change
32229,Not looking for Job change
11638,Not looking for Job change
7132,Looking for Job change
22168,Not looking for Job change
29886,Not looking for Job change
5130,Not looking for Job change
923,Not looking for Job change
28035,Not looking for Job change
17153,Not looking for Job change
30428,Not looking for Job change
14687,Not looking for Job change
26621,Looking for Job change
19744,Not looking for Job change
32698,Not looking for Job change
15049,Looking for Job change
32808,Looking for Job change
7535,Not looking for Job change
20622,Not looking for Job change
22863,Not looking for Job change
21845,Not looking for Job change
16135,Not looking for Job change
15095,Not looking for Job change
29703,Looking for Job change
14785,Not looking for Job change
20150,Not looking for Job change
19473,Not looking for Job change
26862,Not looking for Job change
3377,Not looking for Job change
21166,Looking for Job change
24684,Not looking for Job change
32511,Not looking for Job change
10587,Looking for Job change
23210,Not looking for Job change
8243,Not looking for Job change
2046,Not looking for Job change
875,Not looking for Job change
437,Not looking for Job change
9208,Looking for Job change
18560,Not looking for Job change
31361,Looking for Job change
3432,Looking for Job change
17066,Not looking for Job change
17993,Not looking for Job change
4879,Not looking for Job change
32898,Looking for Job change
28680,Not looking for Job change
10304,Not looking for Job change
26899,Not looking for Job change
23403,Not looking for Job change
21936,Not looking for Job change
26927,Looking for Job change
25713,Not looking for Job change
23976,Not looking for Job change
29908,Not looking for Job change
17426,Looking for Job change
9806,Not looking for Job change
25886,Not looking for Job change
2736,Not looking for Job change
26688,Not looking for Job change
19261,Not looking for Job change
16728,Not looking for Job change
8837,Not looking for Job change
9345,Not looking for Job change
25696,Not looking for Job change
33236,Not looking for Job change
7258,Looking for Job change
4274,Not looking for Job change
18287,Not looking for Job change
25062,Not looking for Job change
11144,Not looking for Job change
11404,Not looking for Job change
13232,Not looking for Job change
21968,Looking for Job change
12142,Looking for Job change
30796,Not looking for Job change
23735,Looking for Job change
26679,Not looking for Job change
21726,Not looking for Job change
5171,Looking for Job change
3180,Not looking for Job change
26950,Looking for Job change
24234,Looking for Job change
32649,Looking for Job change
4377,Not looking for Job change
545,Not looking for Job change
13114,Not looking for Job change
22786,Looking for Job change
21335,Looking for Job change
13292,Looking for Job change
25862,Not looking for Job change
37,Looking for Job change
25890,Not looking for Job change
22037,Not looking for Job change
29304,Looking for Job change
19816,Not looking for Job change
7012,Looking for Job change
23338,Not looking for Job change
30621,Not looking for Job change
11855,Not looking for Job change
14062,Not looking for Job change
952,Not looking for Job change
28695,Looking for Job change
25255,Not looking for Job change
14684,Not looking for Job change
2599,Not looking for Job change
27764,Not looking for Job change
22708,Looking for Job change
13605,Not looking for Job change
3445,Not looking for Job change
12029,Not looking for Job change
28494,Looking for Job change
26151,Not looking for Job change
30903,Not looking for Job change
23078,Not looking for Job change
3520,Not looking for Job change
23948,Looking for Job change
20536,Not looking for Job change
12472,Not looking for Job change
12756,Not looking for Job change
634,Not looking for Job change
11458,Not looking for Job change
20348,Not looking for Job change
21057,Not looking for Job change
26446,Not looking for Job change
24170,Not looking for Job change
16216,Not looking for Job change
28349,Not looking for Job change
17295,Not looking for Job change
33316,Not looking for Job change
5280,Looking for Job change
11201,Not looking for Job change
26483,Not looking for Job change
10977,Not looking for Job change
33290,Looking for Job change
27216,Looking for Job change
7877,Not looking for Job change
5650,Not looking for Job change
6590,Not looking for Job change
13464,Looking for Job change
25639,Not looking for Job change
12406,Looking for Job change
32113,Not looking for Job change
3787,Not looking for Job change
23606,Looking for Job change
7522,Not looking for Job change
15293,Not looking for Job change
7564,Looking for Job change
19218,Not looking for Job change
19678,Not looking for Job change
19499,Not looking for Job change
13962,Not looking for Job change
22744,Not looking for Job change
21887,Looking for Job change
28552,Not looking for Job change
10726,Not looking for Job change
6294,Not looking for Job change
13833,Looking for Job change
31643,Not looking for Job change
21500,Not looking for Job change
33225,Not looking for Job change
8905,Not looking for Job change
9772,Not looking for Job change
27163,Not looking for Job change
24507,Looking for Job change
21339,Not looking for Job change
1289,Not looking for Job change
195,Not looking for Job change
31762,Not looking for Job change
7873,Not looking for Job change
12215,Not looking for Job change
